time,open,high,low,close,volume
2020-01-02,17.37,17.37,17.37,17.37,1000
2020-01-03,17.37,17.37,17.37,17.37,1000
2020-01-06,18.41,18.41,18.41,18.41,30
2020-01-07,18.41,18.41,18.41,18.41,0
2020-01-08,18.41,18.41,18.41,18.41,0
2020-01-09,19.64,19.64,18.41,18.79,40
2020-01-10,18.79,18.79,18.79,18.79,0
2020-01-13,19.91,19.91,19.91,19.91,10
2020-01-14,19.91,19.91,19.91,19.91,0
2020-01-15,19.91,19.91,19.91,19.91,0
2020-01-16,19.91,19.91,19.91,19.91,0
2020-01-17,18.52,18.52,18.52,18.52,10
2020-01-20,18.48,18.64,18.48,18.64,200
2020-01-21,18.64,18.64,18.64,18.64,0
2020-01-22,18.64,18.64,18.64,18.64,0
2020-01-30,18.64,18.64,18.64,18.64,50
2020-01-31,18.64,18.64,18.64,18.64,0
2020-02-03,17.75,17.75,17.71,17.71,110
2020-02-04,18.95,18.95,18.95,18.95,10
2020-02-05,19.99,19.99,19.99,19.99,10
2020-02-06,19.99,19.99,19.99,19.99,0
2020-02-07,19.99,19.99,19.99,19.99,0
2020-02-10,19.99,19.99,19.99,19.99,0
2020-02-11,21.29,21.29,21.29,21.29,10
2020-02-12,19.83,19.83,19.83,19.83,20
2020-02-13,19.83,19.83,19.83,19.83,0
2020-02-14,19.83,19.83,19.83,19.83,0
2020-02-17,18.48,18.48,18.48,18.48,20
2020-02-18,18.48,18.48,18.48,18.48,10
2020-02-19,18.48,18.48,18.48,18.48,0
2020-02-20,18.48,18.48,18.48,18.48,0
2020-02-21,18.48,18.48,18.48,18.48,0
2020-02-24,18.48,18.48,18.48,18.48,0
2020-02-25,18.48,18.48,18.48,18.48,0
2020-02-26,18.52,18.52,18.48,18.48,110
2020-02-27,18.48,18.48,18.48,18.48,990
2020-02-28,18.48,18.48,18.48,18.48,0
2020-03-02,18.48,18.48,18.48,18.48,0
2020-03-03,18.48,18.48,18.48,18.48,0
2020-03-04,18.48,18.48,18.48,18.48,0
2020-03-05,18.48,18.48,18.48,18.48,0
2020-03-06,18.48,18.48,18.48,18.48,0
2020-03-09,17.21,17.21,17.21,17.21,240
2020-03-10,17.21,17.21,17.21,17.21,0
2020-03-11,18.02,18.02,18.02,18.02,50
2020-03-12,18.02,18.02,18.02,18.02,0
2020-03-13,16.79,16.79,16.79,16.79,2250
2020-03-16,16.17,16.17,15.63,15.63,3250
2020-03-17,15.02,16.67,14.56,16.67,6290
2020-03-18,17.56,17.56,17.56,17.56,10
2020-03-19,17.71,17.71,17.71,17.71,10
2020-03-20,17.71,17.71,16.48,16.48,1140
2020-03-23,15.36,15.36,15.36,15.36,60
2020-03-24,16.13,16.13,16.13,16.13,1500
2020-03-25,16.87,16.87,15.25,16.52,540
2020-03-26,17.67,17.67,16.17,17.25,300
2020-03-27,16.06,16.56,16.06,16.56,910
2020-03-30,17.71,17.71,15.4,15.4,3520
2020-03-31,14.32,16.4,14.32,16.17,70
2020-04-01,16.17,16.17,16.17,16.17,0
2020-04-03,17.02,17.02,17.02,17.02,50
2020-04-06,17.29,17.29,17.29,17.29,20
2020-04-07,17.33,17.33,16.33,16.37,660
2020-04-08,16.4,16.56,16.4,16.4,130
2020-04-09,16.64,16.64,16.64,16.64,20
2020-04-10,16.64,16.87,15.56,16.87,70
2020-04-13,16.87,16.87,16.87,16.87,0
2020-04-14,16.87,16.87,16.87,16.87,0
2020-04-15,16.87,16.87,16.87,16.87,70
2020-04-16,16.87,16.87,16.83,16.87,20
2020-04-17,16.83,18.02,16.75,18.02,960
2020-04-20,16.79,18.02,16.79,18.02,170
2020-04-21,18.02,18.02,18.02,18.02,0
2020-04-22,18.02,18.02,18.02,18.02,0
2020-04-23,17.71,17.79,17.71,17.71,1170
2020-04-24,17.71,18.44,17.71,17.71,1150
2020-04-27,16.87,16.87,16.87,16.87,100
2020-04-28,18.02,18.02,18.02,18.02,10
2020-04-29,18.02,18.02,17.87,17.87,210
2020-05-04,17.87,18.33,17.17,17.17,200
2020-05-05,18.33,18.37,18.33,18.37,160
2020-05-06,19.65,19.65,18.09,18.09,100
2020-05-07,18.09,18.09,18.09,18.09,0
2020-05-08,17.45,17.45,17.45,17.45,10
2020-05-11,18.01,18.61,18.01,18.61,40
2020-05-12,18.61,18.61,18.61,18.61,490
2020-05-13,18.61,18.61,18.61,18.61,10
2020-05-14,18.81,19.61,18.81,19.61,1190
2020-05-15,19.45,19.45,19.45,19.45,90
2020-05-18,20.81,20.81,20.41,20.41,20
2020-05-19,20.41,20.41,20.41,20.41,0
2020-05-20,20.41,20.41,20.41,20.41,0
2020-05-21,20.41,20.81,19.53,19.57,130
2020-05-22,20.01,20.01,20.01,20.01,10
2020-05-25,20.01,20.89,20.01,20.89,1260
2020-05-26,22.21,22.21,20.01,21.93,550
2020-05-27,20.41,21.61,20.41,21.61,1030
2020-05-28,21.61,21.61,21.61,21.61,0
2020-05-29,21.61,21.61,21.61,21.61,0
2020-06-01,21.61,21.61,21.61,21.61,0
2020-06-02,20.21,20.21,20.17,20.17,300
2020-06-03,20.17,20.17,20.17,20.17,0
2020-06-04,19.97,21.45,19.97,21.45,260
2020-06-05,21.45,21.45,21.21,21.45,230
2020-06-08,21.21,21.21,20.81,20.81,540
2020-06-09,20.81,21.61,20.81,20.89,410
2020-06-10,20.89,20.89,20.89,20.89,0
2020-06-11,20.89,20.89,20.89,20.89,0
2020-06-12,20.81,20.81,20.81,20.81,100
2020-06-15,20.81,20.81,20.81,20.81,0
2020-06-16,20.81,20.81,20.81,20.81,0
2020-06-17,20.81,20.81,20.81,20.81,0
2020-06-18,21.61,21.61,21.61,21.61,10
2020-06-19,21.61,21.61,21.61,21.61,0
2020-06-22,21.61,21.61,21.61,21.61,0
2020-06-23,21.61,21.61,21.61,21.61,100
2020-06-24,20.81,20.81,20.81,20.81,50
2020-06-25,20.81,20.81,20.81,20.81,0
2020-06-26,21.05,20.81,20.81,20.81,0
2020-06-29,21.05,21.05,21.05,21.05,10
2020-06-30,21.05,21.05,21.05,21.05,0
2020-07-01,21.05,21.05,21.05,21.05,0
2020-07-02,21.05,21.05,21.05,21.05,0
2020-07-03,21.05,21.05,21.05,21.05,0
2020-07-06,21.05,21.05,21.05,21.05,0
2020-07-07,21.05,21.05,21.05,21.05,20
2020-07-08,21.05,21.05,21.05,21.05,0
2020-07-09,21.05,21.05,21.05,21.05,0
2020-07-10,21.46,21.46,21.46,21.46,10
2020-07-13,20.24,20.24,20.24,20.24,40
2020-07-14,21.62,21.62,21.62,21.62,10
2020-07-15,21.62,21.62,21.62,21.62,830
2020-07-16,21.62,21.62,21.62,21.62,0
2020-07-17,21.62,21.62,21.62,21.62,0
2020-07-20,21.62,21.62,21.62,21.62,0
2020-07-21,21.62,21.62,21.62,21.62,60
2020-07-22,21.62,21.62,21.62,21.62,2280
2020-07-23,21.62,21.62,21.62,21.62,0
2020-07-24,21.62,21.62,21.62,21.62,0
2020-07-27,20.12,20.12,20.12,20.12,10
2020-07-28,18.74,18.74,18.74,18.74,10
2020-07-29,17.45,17.45,17.45,17.45,2290
2020-07-30,17.45,17.45,17.45,17.45,0
2020-07-31,17.45,17.45,17.45,17.45,0
2020-08-03,18.14,18.62,18.14,18.62,110
2020-08-04,18.62,18.78,18.62,18.62,600
2020-08-05,18.62,18.62,18.62,18.62,40
2020-08-06,17.41,17.41,17.41,17.41,10
2020-08-07,17.41,17.41,17.41,17.41,0
2020-08-10,16.6,16.6,16.6,16.6,10
2020-08-11,17.73,17.73,17.73,17.73,10
2020-08-12,17.89,17.89,17.89,17.89,10
2020-08-13,17.89,17.89,17.89,17.89,0
2020-08-14,17.89,17.89,17.89,17.89,0
2020-08-17,17.12,17.12,17.12,17.12,10
2020-08-18,18.3,18.3,18.3,18.3,30
2020-08-19,18.3,18.3,18.3,18.3,0
2020-08-20,18.3,18.3,18.3,18.3,0
2020-08-21,18.34,18.34,18.34,18.34,10
2020-08-24,17.08,18.34,17.08,18.34,20
2020-08-25,17.12,18.34,17.12,18.34,60
2020-08-26,18.34,18.34,18.34,18.34,10
2020-08-27,18.34,18.34,18.34,18.34,0
2020-08-28,18.34,18.34,18.34,18.34,0
2020-08-31,19.43,19.43,19.43,19.43,300
2020-09-01,20.24,20.24,20.24,20.24,10
2020-09-03,18.82,18.82,18.82,18.82,10
2020-09-04,19.43,19.43,19.43,19.43,10
2020-09-07,19.43,19.43,18.22,18.22,130
2020-09-08,18.22,18.22,18.22,18.22,0
2020-09-09,18.22,18.22,18.22,18.22,0
2020-09-10,18.22,18.22,18.22,18.22,0
2020-09-11,17.41,17.41,17.41,17.41,140
2020-09-14,17.41,17.41,17.41,17.41,0
2020-09-15,18.62,18.62,18.62,18.62,190
2020-09-16,18.62,18.62,18.62,18.62,40
2020-09-17,18.62,18.62,18.62,18.62,0
2020-09-18,18.62,18.62,17.41,18.62,5280
2020-09-21,18.62,19.43,18.62,19.43,1090
2020-09-22,19.43,19.43,19.43,19.43,0
2020-09-23,19.43,19.43,19.43,19.43,0
2020-09-24,18.62,18.62,18.62,18.62,300
2020-09-25,19.43,19.43,19.43,19.43,1000
2020-09-28,19.43,19.43,19.43,19.43,0
2020-09-29,19.43,19.43,19.43,19.43,200
2020-09-30,19.43,19.43,19.43,19.43,0
2020-10-01,19.43,19.43,19.43,19.43,0
2020-10-02,19.43,19.43,19.43,19.43,0
2020-10-05,19.43,19.43,19.43,19.43,2260
2020-10-06,18.22,19.43,18.22,19.43,370
2020-10-07,19.43,19.43,19.43,19.43,0
2020-10-08,19.43,19.43,19.43,19.43,0
2020-10-09,19.43,19.43,19.43,19.43,0
2020-10-12,19.43,19.43,19.43,19.43,0
2020-10-13,19.43,19.43,19.43,19.43,0
2020-10-14,20.65,20.65,20.65,20.65,10
2020-10-15,20.65,20.65,20.65,20.65,0
2020-10-16,20.65,20.65,19.27,19.27,240
2020-10-19,18.05,18.05,18.05,18.05,10
2020-10-20,19.31,19.31,19.31,19.31,100
2020-10-21,19.31,19.31,19.31,19.31,10
2020-10-22,19.31,19.31,19.31,19.31,0
2020-10-23,19.31,19.31,19.31,19.31,10
2020-10-26,19.31,19.31,19.31,19.31,0
2020-10-27,19.31,19.31,19.31,19.31,0
2020-10-28,19.31,19.31,19.31,19.31,0
2020-10-29,19.84,19.84,19.84,19.84,10
2020-10-30,19.84,19.84,19.84,19.84,0
2020-11-02,20.08,20.08,20.08,20.08,100
2020-11-03,20.08,20.08,20.08,20.08,0
2020-11-04,20.08,20.08,20.08,20.08,20
2020-11-05,20.24,20.24,20.24,20.24,20
2020-11-06,20.24,20.24,20.24,20.24,0
2020-11-09,20.24,20.24,20.24,20.24,0
2020-11-10,20.24,20.24,20.24,20.24,0
2020-11-11,20.24,20.24,20.24,20.24,0
2020-11-12,20.24,20.24,20.24,20.24,0
2020-11-13,20.24,20.24,20.24,20.24,100
2020-11-16,18.82,18.82,18.82,18.82,10
2020-11-17,20.12,20.12,17.81,17.81,140
2020-11-18,17.81,19.03,17.81,19.03,1610
2020-11-19,20.24,20.32,20.24,20.32,880
2020-11-20,21.05,21.74,21.05,21.74,730
2020-11-23,21.74,21.74,21.74,21.74,360
2020-11-24,21.62,21.62,20.24,20.24,440
2020-11-25,21.5,21.5,18.82,18.95,990
2020-11-26,19.75,19.75,19.75,19.75,60
2020-11-27,19.03,19.03,19.03,19.03,1110
2020-11-30,17.93,17.97,17.93,17.97,30
2020-12-01,19.23,19.23,19.23,19.23,40
2020-12-02,18.14,18.14,18.14,18.14,80
2020-12-03,18.14,18.14,18.14,18.14,60
2020-12-04,18.38,18.38,18.38,18.38,80
2020-12-07,19.59,19.63,19.59,19.63,220
2020-12-08,18.3,20.24,18.3,19.51,730
2020-12-09,20.24,20.85,20.24,20.85,850
2020-12-10,21.86,21.86,21.86,21.86,100
2020-12-11,23.32,23.36,21.05,23.36,110
2020-12-14,22.67,24.29,21.78,21.78,3000
2020-12-15,21.78,21.78,21.78,21.78,0
2020-12-16,21.78,21.78,21.78,21.78,0
2020-12-17,21.78,21.78,21.78,21.78,0
2020-12-18,21.78,21.78,21.78,21.78,0
2020-12-21,21.78,21.78,21.78,21.78,0
2020-12-22,21.13,21.13,21.13,21.13,360
2020-12-23,21.13,21.13,21.13,21.13,20
2020-12-24,20.36,20.36,20.36,20.36,220
2020-12-25,19.27,21.54,19.27,21.54,60
2020-12-28,21.54,21.54,21.54,21.54,610
2020-12-29,21.54,21.54,21.54,21.54,70
2020-12-30,21.46,23.03,21.46,23.03,2560
2020-12-31,21.7,24.61,21.7,24.61,360
2021-01-04,24.37,24.61,24.29,24.61,8100
2021-01-05,23.48,24.53,23.48,24.53,600
2021-01-06,23.32,24.61,23.32,24.61,500
2021-01-07,24.61,24.61,24.61,24.61,2600
2021-01-08,24.61,24.61,24.61,24.61,0
2021-01-11,24.61,24.61,24.61,24.61,0
2021-01-12,23.07,23.07,22.99,23.07,1700
2021-01-13,23.07,23.07,23.07,23.07,0
2021-01-14,23.07,23.07,23.07,23.07,2700
2021-01-15,23.07,23.07,22.67,22.67,3000
2021-01-18,21.46,21.46,21.46,21.46,3200
2021-01-19,21.46,21.46,21.46,21.46,0
2021-01-20,21.05,21.05,21.05,21.05,2600
2021-01-21,21.05,21.05,21.05,21.05,100
2021-01-22,22.43,22.43,22.43,22.43,200
2021-01-25,22.51,23.96,22.51,23.96,1100
2021-01-26,24.05,24.13,24.05,24.13,500
2021-01-27,24.13,24.13,24.13,24.13,0
2021-01-28,24.05,24.05,22.67,22.67,1100
2021-01-29,22.67,22.67,22.67,22.67,0
2021-02-01,24.25,24.25,24.25,24.25,100
2021-02-02,25.91,25.91,25.91,25.91,200
2021-02-03,24.13,24.13,24.13,24.13,1000
2021-02-04,24.13,24.13,24.13,24.13,0
2021-02-05,24.13,24.13,24.13,24.13,0
2021-02-08,24.29,24.29,24.29,24.29,4500
2021-02-09,24.29,24.29,24.29,24.29,0
2021-02-17,25.91,25.91,25.91,25.91,100
2021-02-18,27.69,27.69,27.69,27.69,100
2021-02-19,27.69,27.69,27.69,27.69,0
2021-02-22,27.69,27.69,27.69,27.69,0
2021-02-23,27.69,27.69,27.69,27.69,0
2021-02-24,27.69,27.69,27.69,27.69,0
2021-02-25,27.69,27.69,27.69,27.69,0
2021-02-26,27.69,27.69,27.69,27.69,700
2021-03-01,25.79,25.79,25.79,25.79,600
2021-03-02,25.79,25.79,25.79,25.79,0
2021-03-03,27.57,27.57,27.57,27.57,100
2021-03-04,27.57,27.57,27.57,27.57,0
2021-03-05,28.9,28.9,28.9,28.9,100
2021-03-08,30.68,30.68,28.66,28.66,200
2021-03-09,28.66,28.66,28.66,28.66,0
2021-03-10,28.66,30.6,28.66,30.6,200
2021-03-11,30.6,30.6,30.6,30.6,0
2021-03-12,30.6,30.6,30.6,30.6,0
2021-03-15,30.6,30.6,30.6,30.6,0
2021-03-16,29.15,30.64,28.74,28.74,800
2021-03-17,28.34,28.34,28.34,28.34,400
2021-03-18,28.34,29.79,28.34,29.79,200
2021-03-19,29.79,29.79,29.79,29.79,0
2021-03-22,30.68,30.68,30.68,30.68,100
2021-03-23,31.58,31.58,30.68,31.58,500
2021-03-24,29.55,29.55,29.55,29.55,1700
2021-03-25,29.55,29.55,29.55,29.55,0
2021-03-26,29.55,29.55,29.55,29.55,0
2021-03-29,29.55,29.55,29.55,29.55,0
2021-03-30,29.55,29.55,29.55,29.55,0
2021-03-31,29.55,29.55,29.55,29.55,0
2021-04-01,29.55,29.55,29.55,29.55,0
2021-04-02,29.55,29.55,29.55,29.55,100
2021-04-05,29.55,29.55,29.55,29.55,0
2021-04-06,28.18,28.18,28.18,28.18,100
2021-04-07,30.12,30.12,29.79,29.96,600
2021-04-08,29.96,29.96,29.96,29.96,2000
2021-04-09,29.96,29.96,29.96,29.96,0
2021-04-12,29.96,29.96,29.96,29.96,0
2021-04-13,28.18,28.18,28.18,28.18,100
2021-04-14,28.18,28.18,28.18,28.18,0
2021-04-15,28.18,28.18,28.18,28.18,300
2021-04-16,28.34,28.34,28.34,28.34,100
2021-04-19,26.39,26.39,26.39,26.39,200
2021-04-20,28.18,28.18,28.18,28.18,200
2021-04-22,28.34,28.34,28.34,28.34,100
2021-04-23,28.34,28.34,28.34,28.34,0
2021-04-26,26.6,26.6,26.6,26.6,2200
2021-04-27,26.6,26.6,26.6,26.6,0
2021-04-28,26.6,26.6,26.6,26.6,0
2021-04-29,26.6,26.6,26.6,26.6,0
2021-05-04,26.6,26.6,26.6,26.6,0
2021-05-05,26.6,26.6,26.6,26.6,0
2021-05-06,26.6,26.96,26.6,26.96,1300
2021-05-07,26.96,26.96,26.96,26.96,0
2021-05-10,26.96,26.96,26.96,26.96,200
2021-05-11,26.96,26.96,26.96,26.96,200
2021-05-12,26.96,26.96,26.96,26.96,0
2021-05-13,28.81,28.81,28.81,28.81,100
2021-05-14,28.81,28.81,28.81,28.81,3000
2021-05-17,28.81,28.81,28.81,28.81,100
2021-05-18,28.81,28.81,28.81,28.81,0
2021-05-19,28.81,28.81,28.81,28.81,0
2021-05-20,26.92,26.92,26.92,26.92,300
2021-05-21,28.77,28.77,28.77,28.77,100
2021-05-24,26.92,26.92,26.92,26.92,800
2021-05-25,26.92,26.92,26.92,26.92,0
2021-05-26,26.92,26.92,26.92,26.92,0
2021-05-27,26.92,26.92,26.92,26.92,0
2021-05-28,26.08,27.97,25.07,27.97,3400
2021-05-31,27.97,27.97,27.97,27.97,100
2021-06-01,27.97,27.97,27.97,27.97,0
2021-06-02,27.93,27.97,27.93,27.97,900
2021-06-03,26.88,26.88,26.83,26.83,4700
2021-06-04,26.83,26.83,26.83,26.83,0
2021-06-07,27.72,27.72,27.72,27.72,100
2021-06-08,27.72,27.72,27.72,27.72,0
2021-06-09,27.72,27.72,26.2,27.63,1600
2021-06-10,26.2,26.2,26.2,26.2,100
2021-06-11,28.01,28.01,28.01,28.01,100
2021-06-14,28.01,28.01,28.01,28.01,0
2021-06-15,28.01,28.01,28.01,28.01,0
2021-06-16,28.01,28.01,28.01,28.01,0
2021-06-17,29.4,29.4,29.4,29.4,100
2021-06-18,27.34,27.38,27.34,27.38,900
2021-06-21,29.19,29.19,29.19,29.19,100
2021-06-22,29.19,29.19,29.19,29.19,0
2021-06-23,29.19,29.19,29.19,29.19,0
2021-06-24,28.56,28.56,28.47,28.47,2000
2021-06-25,28.43,28.43,28.43,28.43,600
2021-06-28,28.43,28.43,28.43,28.43,0
2021-06-29,27.3,27.3,27.3,27.3,200
2021-06-30,27.72,27.72,27.72,27.72,500
2021-07-01,28.56,29.4,28.56,29.4,700
2021-07-02,30.24,30.24,30.24,30.24,100
2021-07-05,31.07,31.07,31.03,31.03,200
2021-07-06,28.89,28.89,28.89,28.89,200
2021-07-07,28.89,28.89,28.89,28.89,0
2021-07-08,28.89,28.89,28.89,28.89,0
2021-07-09,27.34,27.34,27.3,27.3,1400
2021-07-12,27.3,27.3,27.3,27.3,0
2021-07-13,27.3,27.3,27.3,27.3,0
2021-07-14,27.34,27.34,27.34,27.34,300
2021-07-15,27.3,27.3,27.3,27.3,700
2021-07-16,27.3,27.3,27.3,27.3,0
2021-07-19,27.13,27.13,26.79,26.79,1600
2021-07-20,26.79,26.79,26.79,26.79,0
2021-07-21,26.79,26.79,26.79,26.79,0
2021-07-22,26.79,26.79,26.79,26.79,0
2021-07-23,26.79,26.79,26.79,26.79,0
2021-07-26,27.72,27.72,27.72,27.72,100
2021-07-27,27.72,27.72,27.72,27.72,0
2021-07-28,27.72,27.72,27.72,27.72,0
2021-07-29,29.4,29.4,29.31,29.31,200
2021-07-30,29.23,29.31,27.72,29.31,400
2021-08-02,29.31,29.31,29.31,29.31,0
2021-08-03,27.63,29.27,27.63,27.67,1100
2021-08-04,29.35,29.35,29.35,29.35,100
2021-08-05,29.35,29.35,28.56,28.56,300
2021-08-06,28.56,28.56,28.56,28.56,0
2021-08-09,28.56,28.56,26.88,28.56,1500
2021-08-10,28.56,28.56,28.56,28.56,0
2021-08-11,28.56,28.56,28.56,28.56,0
2021-08-12,30.24,30.24,30.24,30.24,100
2021-08-13,28.14,28.14,28.14,28.14,300
2021-08-16,28.56,28.56,28.56,28.56,1100
2021-08-17,28.56,28.56,28.56,28.56,0
2021-08-18,28.72,28.72,28.39,28.39,400
2021-08-19,27.55,28.56,27.55,28.56,200
2021-08-20,28.47,28.51,28.47,28.51,200
2021-08-23,29.35,29.35,28.14,28.14,300
2021-08-24,28.14,28.14,28.14,28.14,200
2021-08-25,28.14,28.14,28.14,28.14,0
2021-08-26,28.93,28.93,28.85,28.85,200
2021-08-27,28.93,29.4,28.93,29.4,1400
2021-08-30,30.07,31.45,30.07,31.45,3500
2021-08-31,31.45,31.45,31.45,31.45,0
2021-09-01,31.45,31.45,31.45,31.45,0
2021-09-06,29.4,29.52,29.4,29.48,1700
2021-09-07,29.48,29.48,29.48,29.48,0
2021-09-08,29.52,29.52,29.52,29.52,100
2021-09-09,31.07,31.2,31.07,31.2,800
2021-09-10,31.2,31.2,31.2,31.2,0
2021-09-13,30.99,30.99,30.24,30.24,400
2021-09-14,30.24,31.07,30.24,31.07,1100
2021-09-15,31.07,31.07,31.07,31.07,0
2021-09-16,31.07,31.07,31.07,31.07,0
2021-09-17,31.07,31.07,31.07,31.07,0
2021-09-20,28.98,28.98,28.98,28.98,100
2021-09-21,28.98,28.98,28.98,28.98,0
2021-09-22,28.98,28.98,28.98,28.98,0
2021-09-23,29.02,29.02,27.3,27.3,3400
2021-09-24,27.3,27.3,27.3,27.3,0
2021-09-27,27.3,27.3,27.3,27.3,0
2021-09-28,28.89,28.89,27.97,27.97,300
2021-09-29,29.73,29.9,29.73,29.82,1300
2021-09-30,29.82,31.07,29.82,31.07,3000
2021-10-01,31.07,31.07,31.07,31.07,0
2021-10-04,31.07,31.07,31.07,31.07,0
2021-10-05,30.32,30.32,30.32,30.32,100
2021-10-06,30.32,30.32,30.32,30.32,0
2021-10-07,30.32,30.32,30.32,30.32,0
2021-10-08,30.24,30.24,30.24,30.24,300
2021-10-11,30.24,30.24,30.24,30.24,0
2021-10-12,30.24,30.24,30.24,30.24,0
2021-10-13,30.24,30.24,30.24,30.24,0
2021-10-14,30.24,30.24,30.24,30.24,200
2021-10-15,30.24,30.24,30.24,30.24,0
2021-10-18,30.24,30.24,30.24,30.24,0
2021-10-19,30.24,30.24,30.24,30.24,0
2021-10-20,30.24,30.24,30.24,30.24,0
2021-10-21,30.24,30.24,30.24,30.24,0
2021-10-22,30.24,30.24,30.24,30.24,300
2021-10-25,28.22,31.41,28.22,31.41,500
2021-10-26,31.41,31.41,31.41,31.41,0
2021-10-27,31.41,31.41,31.41,31.41,0
2021-10-28,31.41,31.41,31.41,31.41,0
2021-10-29,29.56,29.56,29.4,29.4,200
2021-11-01,29.48,29.48,29.4,29.4,300
2021-11-02,29.4,29.4,29.4,29.4,0
2021-11-03,29.4,29.4,29.4,29.4,0
2021-11-04,29.4,29.4,29.4,29.4,0
2021-11-05,29.4,29.4,29.4,29.4,0
2021-11-08,29.56,29.56,29.56,29.56,200
2021-11-09,29.56,29.56,29.56,29.56,0
2021-11-10,29.56,29.56,29.56,29.56,0
2021-11-11,29.56,29.56,29.56,29.56,0
2021-11-12,29.4,29.4,29.4,29.4,200
2021-11-15,29.31,29.31,29.23,29.23,1100
2021-11-16,29.23,29.23,29.23,29.23,0
2021-11-17,29.23,29.23,29.23,29.23,100
2021-11-18,29.23,29.23,29.23,29.23,0
2021-11-19,27.97,28.05,27.97,27.97,1000
2021-11-22,28.05,28.05,27.97,27.97,3300
2021-11-23,27.97,27.97,27.97,27.97,1100
2021-11-24,29.9,29.9,29.9,29.9,100
2021-11-25,30.99,31.49,30.99,31.49,5000
2021-11-26,31.49,31.49,31.49,31.49,0
2021-11-29,31.49,31.49,31.49,31.49,0
2021-11-30,31.49,31.49,31.49,31.49,0
2021-12-01,29.4,29.4,29.4,29.4,800
2021-12-02,29.4,29.4,28.14,28.14,6700
2021-12-03,28.14,28.14,28.14,28.14,0
2021-12-06,28.14,28.14,28.14,28.14,1200
2021-12-07,30.07,30.07,29.98,29.98,400
2021-12-08,30.07,30.07,30.07,30.07,1000
2021-12-09,30.07,30.07,30.07,30.07,0
2021-12-10,29.4,30.07,29.4,30.07,18000
2021-12-13,31.49,31.49,31.41,31.41,1400
2021-12-14,31.41,31.41,31.41,31.41,400
2021-12-15,31.41,31.41,31.41,31.41,0
2021-12-16,31.41,31.41,31.41,31.41,0
2021-12-17,31.41,31.41,31.41,31.41,0
2021-12-20,29.4,29.4,29.4,29.4,2400
2021-12-21,29.4,29.4,29.4,29.4,0
2021-12-22,29.4,29.4,29.4,29.4,300
2021-12-23,29.4,29.4,29.4,29.4,300
2021-12-24,29.4,29.4,29.4,29.4,300
2021-12-27,28.05,28.05,28.05,28.05,2100
2021-12-28,29.14,29.14,29.14,29.14,2000
2021-12-29,30.91,30.91,30.91,30.91,100
2021-12-30,30.91,30.91,30.91,30.91,0
2021-12-31,30.91,30.91,30.91,30.91,0
2022-01-04,28.81,31.07,28.81,31.07,600
2022-01-05,29.02,29.02,29.02,29.02,100
2022-01-06,30.24,30.99,30.24,30.99,400
2022-01-07,28.89,28.89,28.89,28.89,600
2022-01-10,28.89,28.89,28.89,28.89,0
2022-01-11,28.89,28.89,28.89,28.89,0
2022-01-12,30.82,30.82,30.82,30.82,500
2022-01-13,30.82,30.82,30.82,30.82,0
2022-01-14,30.82,30.82,30.82,30.82,0
2022-01-17,30.82,30.82,30.82,30.82,0
2022-01-18,28.72,28.72,28.72,28.72,200
2022-01-19,27.97,27.97,27.97,27.97,300
2022-01-20,27.97,27.97,27.97,27.97,0
2022-01-21,27.97,27.97,27.97,27.97,0
2022-01-24,27.97,27.97,27.97,27.97,0
2022-01-25,27.97,27.97,27.97,27.97,0
2022-01-26,27.97,27.97,27.97,27.97,0
2022-01-27,27.97,27.97,27.97,27.97,0
2022-01-28,27.97,27.97,27.97,27.97,0
2022-02-07,29.9,29.9,29.9,29.9,100
2022-02-08,29.9,29.9,29.9,29.9,100
2022-02-09,29.9,30.24,29.9,30.24,3300
2022-02-10,29.98,29.98,29.98,29.98,100
2022-02-11,29.9,29.9,29.9,29.9,1900
2022-02-14,29.9,29.9,29.9,29.9,900
2022-02-15,30.07,30.07,29.9,29.9,1500
2022-02-16,29.9,29.9,29.9,29.9,2200
2022-02-17,30.03,30.66,30.03,30.66,1400
2022-02-18,30.66,30.66,30.66,30.66,0
2022-02-21,31.49,31.49,31.49,31.49,2000
2022-02-22,31.49,31.49,31.49,31.49,0
2022-02-23,31.49,33.59,31.49,33.59,5800
2022-02-24,31.91,31.91,31.91,31.91,300
2022-02-25,33.76,33.76,33.76,33.76,100
2022-02-28,33.76,33.76,33.76,33.76,0
2022-03-01,33.59,33.59,33.59,33.59,600
2022-03-02,33.59,33.59,33.59,33.59,0
2022-03-03,33.59,33.59,33.59,33.59,0
2022-03-04,33.59,33.59,33.59,33.59,0
2022-03-07,33.59,33.59,33.59,33.59,0
2022-03-08,31.91,32.33,31.91,32.33,1300
2022-03-09,31.96,31.96,31.96,31.96,200
2022-03-10,31.96,31.96,31.96,31.96,0
2022-03-11,31.96,31.96,31.96,31.96,0
2022-03-14,31.96,31.96,31.96,31.96,0
2022-03-15,31.91,31.91,31.91,31.91,3400
2022-03-16,31.91,31.91,31.91,31.91,0
2022-03-17,31.91,31.91,31.91,31.91,0
2022-03-18,31.91,31.91,31.91,31.91,0
2022-03-21,31.91,31.91,31.91,31.91,0
2022-03-22,31.91,31.91,31.91,31.91,0
2022-03-23,31.91,31.91,31.91,31.91,0
2022-03-24,34.14,34.14,34.14,34.14,1000
2022-03-25,34.14,34.14,34.14,34.14,0
2022-03-28,34.14,34.14,34.14,34.14,100
2022-03-29,34.14,34.14,34.14,34.14,0
2022-03-30,34.14,34.14,34.14,34.14,0
2022-03-31,34.14,34.14,34.14,34.14,0
2022-04-01,34.14,34.14,34.14,34.14,0
2022-04-04,34.14,34.14,34.14,34.14,0
2022-04-05,34.14,34.14,34.14,34.14,0
2022-04-06,34.14,34.14,34.14,34.14,0
2022-04-07,34.14,34.14,34.14,34.14,0
2022-04-08,34.14,34.14,34.14,34.14,0
2022-04-12,34.14,34.14,34.14,34.14,0
2022-04-13,34.14,34.14,34.14,34.14,0
2022-04-14,34.73,35.27,34.73,35.27,9100
2022-04-15,35.27,35.27,35.27,35.27,1000
2022-04-18,35.27,35.27,35.27,35.27,0
2022-04-19,35.27,35.27,35.27,35.27,0
2022-04-20,35.27,35.27,35.27,35.27,0
2022-04-21,35.27,35.27,35.27,35.27,0
2022-04-22,35.27,35.27,35.27,35.27,0
2022-04-25,35.27,35.27,35.27,35.27,100
2022-04-26,35.27,35.27,35.27,35.27,0
2022-04-27,35.27,35.27,35.27,35.27,0
2022-04-28,35.27,35.27,35.27,35.27,0
2022-04-29,37.71,37.71,37.71,37.71,100
2022-05-04,37.71,37.71,37.71,37.71,0
2022-05-05,40.31,40.31,40.31,40.31,100
2022-05-06,40.31,40.31,40.31,40.31,0
2022-05-09,40.31,40.31,40.31,40.31,0
2022-05-10,40.31,40.31,40.31,40.31,0
2022-05-11,40.31,40.31,40.31,40.31,0
2022-05-12,40.31,40.31,40.31,40.31,0
2022-05-13,40.31,40.31,40.31,40.31,0
2022-05-16,40.31,40.31,40.31,40.31,0
2022-05-17,40.31,40.31,40.31,40.31,0
2022-05-18,40.92,40.92,40.92,40.92,200
2022-05-19,40.92,40.92,40.92,40.92,0
2022-05-20,40.92,40.92,40.92,40.92,0
2022-05-23,40.92,40.92,40.92,40.92,0
2022-05-24,40.92,40.92,40.92,40.92,0
2022-05-25,40.92,40.92,40.92,40.92,0
2022-05-26,40.92,40.92,40.92,40.92,0
2022-05-27,40.92,40.92,40.92,40.92,0
2022-05-30,40.92,40.92,40.92,40.92,0
2022-05-31,40.92,40.92,40.92,40.92,0
2022-06-01,40.92,40.92,40.92,40.92,0
2022-06-02,40.92,40.92,40.92,40.92,0
2022-06-03,40.92,40.92,40.92,40.92,0
2022-06-06,40.92,40.92,40.92,40.92,0
2022-06-07,40.92,40.92,40.92,40.92,0
2022-06-08,40.92,40.92,40.92,40.92,0
2022-06-09,40.92,40.92,40.92,40.92,0
2022-06-10,40.92,40.92,40.92,40.92,0
2022-06-13,38.07,39.62,38.07,39.62,700
2022-06-14,39.62,39.62,39.62,39.62,0
2022-06-15,39.62,39.62,39.62,39.62,0
2022-06-16,39.62,39.62,39.62,39.62,0
2022-06-17,39.45,39.62,37.13,37.13,7700
2022-06-20,37.04,37.04,37.04,37.04,3000
2022-06-21,37.04,37.04,37.04,37.04,0
2022-06-22,37.04,37.04,37.04,37.04,0
2022-06-23,37.04,37.04,37.04,37.04,0
2022-06-24,37.04,37.04,37.04,37.04,0
2022-06-27,37.04,37.04,37.04,37.04,100
2022-06-28,37.04,37.04,37.04,37.04,0
2022-06-29,37.04,37.04,37.04,37.04,0
2022-06-30,37.04,37.04,37.04,37.04,0
2022-07-01,37.04,37.04,37.04,37.04,0
2022-07-04,37.04,37.04,37.04,37.04,0
2022-07-05,37.04,37.08,37.04,37.08,14200
2022-07-06,37.08,37.08,37.08,37.08,5000
2022-07-07,37.08,37.08,37.08,37.08,0
2022-07-08,37.08,37.08,37.08,37.08,0
2022-07-11,37.08,37.08,37.08,37.08,0
2022-07-12,37.08,37.08,37.08,37.08,0
2022-07-13,37.08,37.08,37.08,37.08,0
2022-07-14,37.08,37.08,37.08,37.08,0
2022-07-15,37.08,37.08,37.08,37.08,0
2022-07-18,37.08,37.08,37.08,37.08,0
2022-07-19,37.08,37.08,37.08,37.08,0
2022-07-20,37.08,37.08,37.08,37.08,0
2022-07-21,37.08,37.08,37.08,37.08,0
2022-07-22,37.08,37.08,37.08,37.08,0
2022-07-25,37.08,37.08,37.08,37.08,0
2022-07-26,37.08,37.08,37.08,37.08,0
2022-07-27,37.08,37.08,37.08,37.08,0
2022-07-28,37.08,37.08,37.08,37.08,0
2022-07-29,37.08,37.08,37.08,37.08,0
2022-08-01,37.13,37.13,37.04,37.04,1000
2022-08-02,37.13,37.13,37.13,37.13,100
2022-08-03,37.13,37.13,37.13,37.13,0
2022-08-04,37.13,37.13,37.13,37.13,0
2022-08-05,37.13,37.13,37.13,37.13,0
2022-08-08,37.13,37.13,37.13,37.13,0
2022-08-09,37.13,37.13,37.13,37.13,0
2022-08-10,37.47,37.47,37.47,37.47,8000
2022-08-11,37.47,37.47,37.47,37.47,0
2022-08-12,37.47,37.47,37.47,37.47,0
2022-08-15,37.47,37.47,37.47,37.47,0
2022-08-16,37.47,37.47,37.47,37.47,0
2022-08-17,37.47,37.47,37.47,37.47,0
2022-08-18,37.47,37.47,37.47,37.47,0
2022-08-19,37.47,37.47,37.47,37.47,0
2022-08-22,37.47,37.47,37.47,37.47,0
2022-08-23,37.47,37.47,37.47,37.47,0
2022-08-24,37.47,37.47,37.47,37.47,0
2022-08-25,37.47,37.47,37.47,37.47,0
2022-08-26,37.47,37.47,37.47,37.47,0
2022-08-29,37.47,37.47,37.47,37.47,0
2022-08-30,37.47,37.47,37.47,37.47,0
2022-08-31,37.47,37.47,37.47,37.47,0
2022-09-05,37.47,37.47,37.47,37.47,0
2022-09-06,37.47,37.47,37.47,37.47,0
2022-09-07,37.47,37.47,37.47,37.47,0
2022-09-08,37.47,37.47,37.47,37.47,0
2022-09-09,37.47,37.47,37.47,37.47,0
2022-09-12,37.47,37.47,37.47,37.47,0
2022-09-13,37.47,37.47,37.47,37.47,0
2022-09-14,37.47,37.47,37.47,37.47,0
2022-09-15,37.47,37.47,37.47,37.47,0
2022-09-16,37.47,37.47,37.47,37.47,1
2022-09-19,37.47,37.47,37.47,37.47,1
2022-09-20,37.47,37.47,37.47,37.47,105
2022-09-21,37.47,37.47,37.47,37.47,0
2022-09-22,37.47,37.47,37.47,37.47,0
2022-09-23,37.47,37.47,37.47,37.47,0
2022-09-26,40.06,40.06,40.06,40.06,100
2022-09-27,40.06,40.06,40.06,40.06,1
2022-09-28,37.26,37.26,37.26,37.26,100
2022-09-29,37.26,37.26,37.26,37.26,89
2022-09-30,37.26,37.26,37.26,37.26,19
2022-10-03,37.26,37.26,37.26,37.26,0
2022-10-04,37.26,37.26,37.26,37.26,0
2022-10-05,37.26,37.26,37.26,37.26,1
2022-10-06,37.26,37.26,37.26,37.26,1
2022-10-07,37.26,37.26,37.26,37.26,1
2022-10-10,34.67,37.26,34.67,37.26,600
2022-10-11,37.26,37.26,37.26,37.26,0
2022-10-12,37.26,37.26,37.26,37.26,0
2022-10-13,37.26,37.26,37.26,37.26,0
2022-10-14,37.26,37.26,37.26,37.26,0
2022-10-17,37.26,37.26,37.26,37.26,0
2022-10-18,37.26,37.26,37.26,37.26,0
2022-10-19,37.26,37.26,37.26,37.26,0
2022-10-20,37.26,37.26,37.26,37.26,0
2022-10-21,37.26,37.26,37.26,37.26,8
2022-10-24,37.26,37.26,37.26,37.26,0
2022-10-25,37.26,37.26,37.26,37.26,100
2022-10-26,37.26,37.26,37.26,37.26,0
2022-10-27,37.26,37.26,37.26,37.26,0
2022-10-28,37.26,37.26,37.26,37.26,300
2022-10-31,37.26,37.26,37.26,37.26,8
2022-11-01,37.26,37.26,37.26,37.26,0
2022-11-02,37.26,37.26,37.26,37.26,0
2022-11-03,37.26,37.26,37.26,37.26,0
2022-11-04,37.26,37.26,37.26,37.26,1
2022-11-07,37.26,37.26,37.26,37.26,0
2022-11-08,37.26,37.26,37.26,37.26,0
2022-11-09,37.26,37.26,37.26,37.26,1
2022-11-10,37.26,37.26,37.26,37.26,0
2022-11-11,37.26,37.26,37.26,37.26,0
2022-11-14,37.26,37.26,37.26,37.26,0
2022-11-15,37.26,37.26,37.26,37.26,0
2022-11-16,37.26,37.26,37.26,37.26,0
2022-11-17,37.26,37.26,37.26,37.26,0
2022-11-18,37.26,37.26,37.26,37.26,0
2022-11-21,37.26,37.26,37.26,37.26,0
2022-11-22,37.26,37.26,37.26,37.26,0
2022-11-23,37.26,37.26,37.26,37.26,0
2022-11-24,37.26,37.26,37.26,37.26,0
2022-11-25,37.26,37.26,37.26,37.26,0
2022-11-28,37.26,37.26,37.26,37.26,0
2022-11-29,37.26,37.26,37.26,37.26,0
2022-11-30,37.26,37.26,37.26,37.26,0
2022-12-01,37.26,37.26,37.26,37.26,0
2022-12-02,37.26,37.26,37.26,37.26,0
2022-12-05,37.26,37.26,37.26,37.26,0
2022-12-06,37.26,37.26,37.26,37.26,0
2022-12-07,37.26,37.26,37.26,37.26,0
2022-12-08,37.26,37.26,37.26,37.26,0
2022-12-09,37.26,37.26,37.26,37.26,0
2022-12-12,37.26,37.26,37.26,37.26,0
2022-12-13,37.26,37.26,37.26,37.26,0
2022-12-14,37.26,37.26,37.26,37.26,0
2022-12-15,37.26,37.26,37.26,37.26,0
2022-12-16,37.26,37.26,37.26,37.26,0
2022-12-19,37.26,37.26,37.26,37.26,0
2022-12-20,34.67,34.67,34.67,34.67,700
2022-12-21,34.67,34.67,34.67,34.67,0
2022-12-22,34.67,34.67,34.67,34.67,0
2022-12-23,34.67,34.67,34.67,34.67,0
2022-12-26,34.67,34.67,34.67,34.67,0
2022-12-27,34.67,34.67,34.67,34.67,0
2022-12-28,34.67,34.67,34.67,34.67,0
2022-12-29,34.67,34.67,34.67,34.67,0
2022-12-30,34.67,34.67,34.67,34.67,0
2023-01-03,34.67,34.67,34.67,34.67,30
2023-01-04,34.67,34.67,34.67,34.67,0
2023-01-05,34.67,34.67,34.67,34.67,0
2023-01-06,34.67,34.67,34.67,34.67,0
2023-01-09,34.67,34.67,34.67,34.67,0
2023-01-10,34.67,34.67,34.67,34.67,0
2023-01-11,34.67,34.67,34.67,34.67,10
2023-01-12,34.67,34.67,34.67,34.67,0
2023-01-13,34.67,34.67,34.67,34.67,0
2023-01-16,34.67,34.67,34.67,34.67,0
2023-01-17,34.67,34.67,34.67,34.67,0
2023-01-18,34.67,34.67,34.67,34.67,0
2023-01-19,34.67,34.67,34.67,34.67,0
2023-01-27,34.67,34.67,34.67,34.67,25
2023-01-30,34.67,34.67,34.67,34.67,0
2023-01-31,32.26,37.08,32.26,37.08,200
2023-02-01,34.5,37.94,34.5,37.94,200
2023-02-02,37.94,37.94,37.94,37.94,0
2023-02-03,35.36,35.36,35.36,35.36,150
2023-02-06,35.32,35.32,35.32,35.32,100
2023-02-07,35.32,35.32,35.32,35.32,0
2023-02-08,35.32,35.32,35.32,35.32,0
2023-02-09,35.32,35.32,35.32,35.32,0
2023-02-10,37.3,37.3,37.3,37.3,100
2023-02-13,37.3,37.3,37.3,37.3,100
2023-02-14,37.3,37.3,37.3,37.3,0
2023-02-15,37.3,37.3,37.3,37.3,0
2023-02-16,37.3,37.3,37.3,37.3,0
2023-02-17,37.3,37.3,37.3,37.3,0
2023-02-20,37.3,37.3,37.3,37.3,0
2023-02-21,37.3,37.3,37.3,37.3,100
2023-02-22,37.3,37.3,37.3,37.3,11
2023-02-23,37.3,37.3,37.3,37.3,0
2023-02-24,37.3,37.3,37.3,37.3,200
2023-02-27,37.3,37.3,37.3,37.3,0
2023-02-28,37.3,37.3,37.3,37.3,2000
2023-03-01,37.3,37.3,37.3,37.3,2000
2023-03-02,37.3,37.3,37.3,37.3,0
2023-03-03,37.3,37.3,37.3,37.3,0
2023-03-06,37.3,37.3,37.3,37.3,0
2023-03-07,34.71,37.51,34.71,37.51,200
2023-03-08,37.51,37.51,37.51,37.51,0
2023-03-09,37.51,37.51,37.51,37.51,0
2023-03-10,37.47,37.47,37.47,37.47,101
2023-03-13,37.47,37.47,37.47,37.47,0
2023-03-14,37.47,37.47,37.47,37.47,8
2023-03-15,37.47,37.47,37.47,37.47,0
2023-03-16,40.06,40.06,40.06,40.06,100
2023-03-17,40.06,40.06,40.06,40.06,0
2023-03-20,37.34,37.34,37.26,37.26,1100
2023-03-21,37.26,37.26,37.26,37.26,0
2023-03-22,37.26,37.26,37.26,37.26,0
2023-03-23,37.04,37.04,37.04,37.04,100
2023-03-24,37.04,37.04,37.04,37.04,0
2023-03-27,37.04,37.04,37.04,37.04,0
2023-03-28,37.04,37.04,37.04,37.04,0
2023-03-29,37.04,37.04,37.04,37.04,500
2023-03-30,37.04,37.04,37.04,37.04,0
2023-03-31,37.04,37.04,37.04,37.04,0
2023-04-03,37.04,37.04,37.04,37.04,0
2023-04-04,37.04,37.04,37.04,37.04,0
2023-04-05,37.04,37.04,37.04,37.04,0
2023-04-06,37.04,37.04,37.04,37.04,0
2023-04-07,37.04,37.04,37.04,37.04,0
2023-04-10,37.04,37.04,37.04,37.04,0
2023-04-11,34.54,39.62,34.54,39.62,200
2023-04-12,39.62,39.62,39.62,39.62,1
2023-04-13,36.91,36.91,36.91,36.91,100
2023-04-14,36.91,36.91,36.91,36.91,3
2023-04-17,37.04,37.04,37.04,37.04,100
2023-04-18,37.04,37.04,37.04,37.04,0
2023-04-19,37.04,37.04,37.04,37.04,21
2023-04-20,37.04,37.04,37.04,37.04,0
2023-04-21,37.04,37.04,37.04,37.04,0
2023-04-24,37.04,37.04,37.04,37.04,0
2023-04-25,37.04,37.04,37.04,37.04,0
2023-04-26,37.04,37.04,37.04,37.04,0
2023-04-27,37.04,37.04,37.04,37.04,0
2023-04-28,37.04,37.04,37.04,37.04,0
2023-05-04,37.04,37.04,37.04,37.04,0
2023-05-05,37.04,37.04,37.04,37.04,0
2023-05-08,35.32,35.32,35.32,35.32,1000
2023-05-09,35.32,35.32,35.32,35.32,0
2023-05-10,35.32,35.32,35.32,35.32,0
2023-05-11,35.32,35.32,35.32,35.32,0
2023-05-12,35.32,35.32,35.32,35.32,0
2023-05-15,35.32,35.32,35.32,35.32,0
2023-05-16,37.73,37.73,37.73,37.73,100
2023-05-17,37.73,37.73,37.73,37.73,0
2023-05-18,37.73,37.73,37.73,37.73,1500
2023-05-19,37.73,37.73,37.73,37.73,0
2023-05-22,37.73,37.73,37.73,37.73,0
2023-05-23,37.73,37.73,37.73,37.73,0
2023-05-24,37.73,37.73,37.73,37.73,0
2023-05-25,37.73,37.73,37.73,37.73,1
2023-05-26,37.73,37.73,37.73,37.73,0
2023-05-29,37.73,37.73,37.73,37.73,0
2023-05-30,37.73,37.73,37.73,37.73,0
2023-05-31,37.73,37.73,37.73,37.73,0
2023-06-01,37.73,37.73,37.73,37.73,0
2023-06-02,38.98,38.98,38.98,38.98,2400
2023-06-05,38.98,38.98,38.98,38.98,0
2023-06-06,38.98,38.98,38.98,38.98,100
2023-06-07,38.98,38.98,38.98,38.98,0
2023-06-08,38.98,38.98,38.98,38.98,0
2023-06-09,38.98,38.98,38.98,38.98,0
2023-06-12,36.53,36.57,36.53,36.57,601
2023-06-13,39.11,39.11,39.11,39.11,1600
2023-06-14,41.65,41.65,41.65,41.65,100
2023-06-15,39.11,39.11,39.11,39.11,114
2023-06-16,38.31,40.76,38.31,40.76,200
2023-06-19,43.6,43.6,43.6,43.6,100
2023-06-20,40.58,40.85,40.58,40.76,700
2023-06-21,37.91,37.91,37.91,37.91,101
2023-06-22,37.91,37.91,37.91,37.91,0
2023-06-23,37.91,37.91,37.91,37.91,0
2023-06-26,37.91,37.91,37.91,37.91,0
2023-06-27,37.91,37.91,37.91,37.91,0
2023-06-28,39.2,39.24,39.2,39.24,320
2023-06-29,39.24,39.24,39.24,39.24,0
2023-06-30,39.24,39.24,39.24,39.24,21
2023-07-03,39.24,39.24,39.24,39.24,0
2023-07-04,37.11,37.11,37.11,37.11,101
2023-07-05,37.11,37.11,37.11,37.11,0
2023-07-06,37.11,37.11,37.11,37.11,0
2023-07-07,37.11,37.11,37.11,37.11,2
2023-07-10,34.97,34.97,34.97,34.97,100
2023-07-11,37.42,37.42,37.42,37.42,200
2023-07-12,40.0,40.0,40.0,40.0,100
2023-07-13,40.0,40.0,40.0,40.0,0
2023-07-14,40.91,40.91,40.91,40.91,302
2023-07-17,40.91,40.91,40.91,40.91,2
2023-07-18,40.91,40.91,40.91,40.91,0
2023-07-19,40.91,40.91,40.91,40.91,0
2023-07-20,40.91,40.91,40.91,40.91,1
2023-07-21,40.91,40.91,40.91,40.91,0
2023-07-24,40.91,40.91,40.91,40.91,0
2023-07-25,39.59,43.68,39.59,43.68,700
2023-07-26,43.68,43.68,43.68,43.68,0
2023-07-27,40.91,40.91,40.91,40.91,100
2023-07-28,40.91,40.91,40.91,40.91,0
2023-07-31,40.91,40.91,40.91,40.91,30
2023-08-01,40.91,40.91,40.91,40.91,50
2023-08-02,40.91,40.91,40.91,40.91,0
2023-08-03,40.91,40.91,40.91,40.91,0
2023-08-04,40.91,40.91,40.91,40.91,0
2023-08-07,40.91,40.91,40.91,40.91,20
2023-08-08,39.22,39.22,39.22,39.22,101
2023-08-09,39.41,39.41,39.41,39.41,500
2023-08-10,42.05,42.05,42.05,42.05,100
2023-08-11,42.05,42.05,42.05,42.05,0
2023-08-14,42.05,42.05,42.05,42.05,0
2023-08-15,42.05,42.05,42.05,42.05,500
2023-08-16,42.05,42.05,42.05,42.05,0
2023-08-17,42.05,42.05,42.05,42.05,0
2023-08-18,42.05,42.05,42.05,42.05,0
2023-08-21,42.05,42.05,42.05,42.05,100
2023-08-22,42.05,42.05,42.05,42.05,0
2023-08-23,39.68,39.68,39.68,39.68,100
2023-08-24,39.68,39.68,39.68,39.68,0
2023-08-25,39.68,39.68,39.68,39.68,0
2023-08-28,42.46,42.46,42.46,42.46,100
2023-08-29,42.46,42.46,42.46,42.46,0
2023-08-30,42.46,42.46,42.46,42.46,300
2023-08-31,39.68,39.68,39.68,39.68,100
2023-09-05,39.68,39.68,39.68,39.68,0
2023-09-06,39.68,39.68,39.68,39.68,0
2023-09-07,39.68,39.68,39.68,39.68,0
2023-09-08,42.46,42.46,42.46,42.46,200
2023-09-11,42.46,42.46,42.46,42.46,0
2023-09-12,42.46,42.46,42.46,42.46,0
2023-09-13,42.46,42.46,42.46,42.46,0
2023-09-14,42.46,42.46,42.46,42.46,0
2023-09-15,42.46,42.46,42.46,42.46,0
2023-09-18,45.05,45.05,45.05,45.05,100
2023-09-19,42.14,42.14,42.14,42.14,100
2023-09-20,42.14,42.14,42.14,42.14,0
2023-09-21,42.14,42.14,42.14,42.14,0
2023-09-22,42.14,42.14,42.14,42.14,2
2023-09-25,42.14,42.14,42.14,42.14,0
2023-09-26,42.14,42.14,42.14,42.14,3
2023-09-27,42.14,42.14,42.14,42.14,4
2023-09-28,45.07,45.07,45.02,45.02,405
2023-09-29,42.32,48.09,42.32,48.09,203
2023-10-02,44.74,51.44,44.74,51.44,7861
2023-10-03,47.9,54.69,47.9,54.69,314
2023-10-04,50.88,50.88,50.88,50.88,110
2023-10-05,47.35,47.35,47.35,47.35,2003
2023-10-06,47.35,47.35,47.35,47.35,200
2023-10-09,47.35,47.35,47.35,47.35,205
2023-10-10,47.35,47.35,47.35,47.35,0
2023-10-11,50.6,50.6,50.6,50.6,100
2023-10-12,47.07,47.07,47.07,47.07,100
2023-10-13,45.58,50.04,45.58,50.04,504
2023-10-16,46.6,46.6,46.6,46.6,2700
2023-10-17,44.0,48.65,44.0,48.65,200
2023-10-18,45.62,45.62,45.62,45.62,100
2023-10-19,42.51,42.51,42.46,42.46,500
2023-10-20,44.83,45.39,44.83,45.39,500
2023-10-23,45.39,45.39,45.39,45.39,0
2023-10-24,42.42,47.16,42.42,47.16,200
2023-10-25,44.28,44.28,43.9,43.9,700
2023-10-26,41.21,41.21,41.21,41.21,100
2023-10-27,41.21,41.21,41.21,41.21,0
2023-10-30,44.0,44.0,44.0,44.0,100
2023-10-31,41.86,41.86,41.86,41.86,101
2023-11-01,41.86,41.86,41.86,41.86,0
2023-11-02,41.86,41.86,41.86,41.86,0
2023-11-03,41.86,41.86,41.86,41.86,0
2023-11-06,44.56,44.79,44.56,44.79,503
2023-11-07,47.44,47.44,46.51,46.51,4500
2023-11-08,49.76,49.76,43.39,43.39,201
2023-11-09,46.42,46.42,46.42,46.42,107
2023-11-10,46.42,46.42,46.42,46.42,0
2023-11-13,43.44,43.58,43.35,43.58,1900
2023-11-14,46.6,46.6,46.6,46.6,200
2023-11-15,46.6,46.6,46.6,46.6,0
2023-11-16,46.6,46.6,46.6,46.6,0
2023-11-17,46.6,46.6,46.6,46.6,0
2023-11-20,46.6,46.6,46.6,46.6,0
2023-11-21,46.6,46.6,46.6,46.6,1200
2023-11-22,46.6,46.6,46.6,46.6,1
2023-11-23,43.44,49.86,43.44,49.86,1000
2023-11-24,46.42,46.42,46.37,46.37,5610
2023-11-27,46.37,46.37,46.37,46.37,100
2023-11-28,43.35,49.02,43.35,49.02,1600
2023-11-29,45.62,48.93,45.62,48.93,2401
2023-11-30,48.93,48.93,48.93,48.93,0
2023-12-01,48.93,48.93,48.93,48.93,0
2023-12-04,45.53,45.53,45.53,45.53,200
2023-12-05,45.53,48.0,42.42,48.0,608
2023-12-06,47.9,47.9,44.69,44.69,300
2023-12-07,42.79,42.83,42.79,42.83,300
2023-12-08,42.83,42.83,42.83,42.83,0
2023-12-11,42.83,42.83,42.83,42.83,0
2023-12-12,42.83,42.83,42.83,42.83,0
2023-12-13,42.83,42.83,42.83,42.83,0
2023-12-14,42.83,42.83,42.83,42.83,0
2023-12-15,42.83,42.83,42.83,42.83,0
2023-12-18,42.83,42.83,42.83,42.83,0
2023-12-19,45.81,45.81,45.81,45.81,800
2023-12-20,43.25,43.25,43.25,43.25,100
2023-12-21,43.25,43.25,43.25,43.25,0
2023-12-22,43.25,43.25,43.25,43.25,1
2023-12-25,43.25,43.25,43.25,43.25,0
2023-12-26,46.28,46.28,46.28,46.28,100
2023-12-27,43.07,43.07,43.07,43.07,100
2023-12-28,43.07,43.07,43.07,43.07,0
2023-12-29,42.32,42.32,42.32,42.32,100
2024-01-02,42.32,42.32,42.32,42.32,0
2024-01-03,42.32,42.32,42.32,42.32,0
2024-01-04,42.32,42.32,42.32,42.32,0
2024-01-05,42.32,42.32,42.32,42.32,0
2024-01-08,42.32,42.32,42.32,42.32,30
2024-01-09,42.32,42.32,42.32,42.32,0
2024-01-10,42.32,42.32,42.32,42.32,0
2024-01-11,44.65,44.65,44.65,44.65,100
2024-01-12,42.88,42.88,42.88,42.88,100
2024-01-15,44.65,44.65,44.65,44.65,300
2024-01-16,44.65,44.65,44.65,44.65,100
2024-01-17,46.28,46.28,46.28,46.28,800
2024-01-18,46.28,46.28,46.28,46.28,0
2024-01-19,46.28,46.28,46.28,46.28,0
2024-01-22,43.72,43.72,43.72,43.72,4800
2024-01-23,43.72,43.72,43.72,43.72,0
2024-01-24,43.72,43.72,43.72,43.72,0
2024-01-25,43.72,43.72,43.72,43.72,0
2024-01-26,43.72,43.72,43.72,43.72,1000
2024-01-29,43.72,43.72,43.72,43.72,0
2024-01-30,43.72,43.72,43.72,43.72,0
2024-01-31,43.72,43.72,43.72,43.72,0
2024-02-01,43.72,43.72,43.72,43.72,0
2024-02-02,43.72,43.72,43.72,43.72,0
2024-02-05,43.72,43.72,43.72,43.72,0
2024-02-06,43.72,43.72,43.72,43.72,0
2024-02-07,40.69,40.69,40.69,40.69,100
2024-02-15,43.53,43.53,43.53,43.53,100
2024-02-16,41.95,41.95,41.95,41.95,100
2024-02-19,41.95,41.95,41.95,41.95,0
2024-02-20,41.95,41.95,41.95,41.95,1
2024-02-21,41.95,41.95,41.95,41.95,2
2024-02-22,41.95,41.95,41.95,41.95,0
2024-02-23,44.88,44.88,44.88,44.88,200
2024-02-26,42.42,42.42,42.42,42.42,100
2024-02-27,42.46,42.46,42.46,42.46,110
2024-02-28,42.46,42.46,42.46,42.46,0
2024-02-29,42.46,42.46,42.46,42.46,0
2024-03-01,42.46,42.46,42.46,42.46,5
2024-03-04,42.46,42.46,42.46,42.46,0
2024-03-05,42.46,42.46,42.46,42.46,30
2024-03-06,42.46,42.46,42.46,42.46,0
2024-03-07,42.46,42.46,42.46,42.46,0
2024-03-08,42.46,42.46,42.46,42.46,0
2024-03-11,42.46,42.46,42.46,42.46,6
2024-03-12,42.46,42.46,42.46,42.46,1
2024-03-13,42.46,42.46,42.46,42.46,0
2024-03-14,42.46,42.46,42.46,42.46,0
2024-03-15,42.46,42.46,42.46,42.46,0
2024-03-18,42.46,42.46,42.46,42.46,0
2024-03-19,42.46,42.46,42.46,42.46,0
2024-03-20,45.39,45.39,45.39,45.39,801
2024-03-21,42.88,42.88,42.88,42.88,101
2024-03-22,42.88,42.88,42.88,42.88,0
2024-03-25,42.88,42.88,42.88,42.88,0
2024-03-26,43.44,43.44,43.44,43.44,100
2024-03-27,45.21,45.3,45.21,45.3,1202
2024-03-28,43.53,45.39,43.53,45.39,4000
2024-03-29,45.39,45.39,45.39,45.39,0
2024-04-01,45.39,45.39,45.39,45.39,0
2024-04-02,45.58,45.58,45.58,45.58,112
2024-04-03,45.58,45.58,45.58,45.58,20
2024-04-04,45.58,48.37,45.58,47.44,48600
2024-04-05,49.86,49.86,49.86,49.86,100
2024-04-08,46.51,46.51,46.51,46.51,213
2024-04-09,46.51,46.51,46.51,46.51,10
2024-04-10,43.25,43.25,43.25,43.25,100
2024-04-11,46.28,46.28,46.28,46.28,115
2024-04-12,46.28,46.28,46.28,46.28,2
2024-04-15,46.28,46.28,46.28,46.28,0
2024-04-16,46.51,46.51,43.35,43.35,700
2024-04-17,43.35,43.35,43.35,43.35,0
2024-04-19,43.35,43.35,43.35,43.35,0
2024-04-22,43.35,43.35,43.35,43.35,0
2024-04-23,43.35,43.35,43.35,43.35,0
2024-04-24,43.35,43.35,43.35,43.35,0
2024-04-25,43.35,43.35,43.35,43.35,0
2024-04-26,46.37,46.37,46.37,46.37,401
2024-05-02,43.72,43.72,43.72,43.72,100
2024-05-03,43.72,43.72,43.72,43.72,0
2024-05-06,43.72,43.72,43.72,43.72,300
2024-05-07,43.72,43.72,43.72,43.72,0
2024-05-08,43.72,43.72,43.72,43.72,0
2024-05-09,46.69,46.69,46.69,46.69,100
2024-05-10,46.69,46.69,46.69,46.69,0
2024-05-13,43.9,43.9,43.9,43.9,100
2024-05-14,43.9,43.9,43.9,43.9,0
2024-05-15,43.9,43.9,43.9,43.9,0
2024-05-16,43.9,43.9,43.9,43.9,0
2024-05-17,43.9,43.9,43.9,43.9,0
2024-05-20,43.9,43.9,43.9,43.9,0
2024-05-21,46.97,46.97,46.97,46.97,2300
2024-05-22,46.97,46.97,46.97,46.97,0
2024-05-23,46.97,46.97,46.97,46.97,0
2024-05-24,44.93,44.93,44.93,44.93,100
2024-05-27,44.93,44.93,44.93,44.93,300
2024-05-28,44.93,44.93,44.93,44.93,0
2024-05-29,44.93,44.93,44.93,44.93,0
2024-05-30,44.93,44.93,44.93,44.93,100
2024-05-31,48.0,48.0,48.0,48.0,300
2024-06-03,44.69,44.69,44.69,44.69,100
2024-06-04,44.69,44.69,44.69,44.69,0
2024-06-05,44.69,44.69,44.69,44.69,0
2024-06-06,44.69,44.69,44.69,44.69,0
2024-06-07,44.69,44.69,44.69,44.69,0
2024-06-10,44.69,44.69,44.69,44.69,0
2024-06-11,47.81,47.81,47.81,47.81,100
2024-06-12,44.65,44.65,44.65,44.65,106
2024-06-13,44.65,44.65,44.65,44.65,10
2024-06-14,44.65,44.65,44.65,44.65,0
2024-06-17,44.65,44.65,44.65,44.65,5
2024-06-18,44.65,44.65,44.65,44.65,0
2024-06-19,44.65,44.65,44.65,44.65,0
2024-06-20,44.65,44.65,44.65,44.65,0
2024-06-21,43.21,43.21,43.21,43.21,100
2024-06-24,44.26,44.26,44.26,44.26,100
2024-06-25,44.26,44.26,44.26,44.26,102
2024-06-26,44.26,44.26,44.26,44.26,3
2024-06-27,44.26,44.26,44.26,44.26,0
2024-06-28,44.26,44.26,44.26,44.26,0
2024-07-01,44.26,44.26,44.26,44.26,0
2024-07-02,44.26,44.26,44.26,44.26,0
2024-07-03,44.26,44.26,44.26,44.26,0
2024-07-04,44.26,44.26,44.26,44.26,0
2024-07-05,44.26,44.26,44.26,44.26,0
2024-07-08,47.33,47.33,47.33,47.33,2701
2024-07-09,47.33,47.33,47.33,47.33,100
2024-07-10,47.33,47.33,47.33,47.33,105
2024-07-11,47.33,47.33,47.33,47.33,100
2024-07-12,47.33,47.33,47.33,47.33,100
2024-07-15,47.33,47.33,47.33,47.33,100
2024-07-16,48.3,48.3,48.3,48.3,300
2024-07-17,48.3,48.3,48.3,48.3,0
2024-07-18,48.3,48.3,48.3,48.3,0
2024-07-19,48.3,48.3,48.3,48.3,0
2024-07-22,48.3,48.3,48.3,48.3,0
2024-07-23,48.3,48.3,48.3,48.3,1
2024-07-24,48.3,48.3,48.3,48.3,0
2024-07-25,48.3,48.3,48.3,48.3,0
2024-07-26,50.85,50.85,50.85,50.85,101
2024-07-29,48.01,54.37,48.01,54.37,4401
2024-07-30,54.37,54.37,54.37,54.37,2000
2024-07-31,54.37,54.37,54.37,54.37,0
2024-08-01,54.37,54.37,54.37,54.37,0
2024-08-02,54.37,54.37,54.37,54.37,0
2024-08-05,54.37,54.37,54.37,54.37,0
2024-08-06,54.37,54.37,54.37,54.37,0
2024-08-07,54.37,54.37,54.37,54.37,0
2024-08-08,54.37,54.37,54.37,54.37,1
2024-08-09,54.37,54.37,54.37,54.37,0
2024-08-12,54.37,54.37,54.37,54.37,0
2024-08-13,54.37,54.37,54.37,54.37,1
2024-08-14,54.37,54.37,54.37,54.37,0
2024-08-15,54.37,54.37,54.37,54.37,0
2024-08-16,54.37,54.37,54.37,54.37,0
2024-08-19,54.37,54.37,54.37,54.37,0
2024-08-20,54.37,54.37,54.37,54.37,0
2024-08-21,54.37,54.37,54.37,54.37,0
2024-08-22,54.37,54.37,54.37,54.37,0
2024-08-23,54.37,54.37,54.37,54.37,0
2024-08-26,54.37,54.37,54.37,54.37,0
2024-08-27,54.37,54.37,54.37,54.37,3
2024-08-28,54.37,54.37,54.37,54.37,0
2024-08-29,54.37,54.37,54.37,54.37,3
2024-08-30,54.37,54.37,54.37,54.37,0
2024-09-04,54.37,54.37,54.37,54.37,0
2024-09-05,54.37,54.37,54.37,54.37,0
2024-09-06,54.37,54.37,54.37,54.37,0
2024-09-09,54.37,54.37,54.37,54.37,0
2024-09-10,54.37,54.37,54.37,54.37,0
2024-09-11,54.37,54.37,54.37,54.37,0
2024-09-12,50.65,50.65,50.65,50.65,400
2024-09-13,50.65,50.65,50.65,50.65,0
2024-09-16,50.65,50.65,50.65,50.65,0
2024-09-17,50.65,50.65,50.65,50.65,0
2024-09-18,47.13,47.13,47.13,47.13,100
2024-09-19,47.13,47.13,47.13,47.13,3
2024-09-20,44.0,44.0,44.0,44.0,100
2024-09-23,44.0,44.0,44.0,44.0,0
2024-09-24,44.0,44.0,44.0,44.0,0
2024-09-25,44.0,44.0,44.0,44.0,0
2024-09-26,44.0,44.0,44.0,44.0,0
2024-09-27,44.0,44.0,44.0,44.0,0
2024-09-30,44.0,44.0,44.0,44.0,0
2024-10-01,44.0,44.0,44.0,44.0,0
2024-10-02,44.0,44.0,44.0,44.0,0
2024-10-03,44.0,44.0,44.0,44.0,0
2024-10-04,47.05,47.05,47.05,47.05,900
2024-10-07,47.05,47.05,47.05,47.05,0
2024-10-08,47.05,47.05,47.05,47.05,0
2024-10-09,44.05,44.05,44.05,44.05,100
2024-10-28,47.1,47.1,47.1,47.1,2000
2024-10-29,50.3,50.3,50.3,50.3,100
2024-10-30,50.0,53.6,50.0,53.6,200
2024-10-31,50.0,50.0,50.0,50.0,2100
2024-11-04,50.0,50.0,50.0,50.0,100
2024-11-06,50.0,50.0,50.0,50.0,500
2024-11-12,50.0,50.0,47.2,47.2,2300
2024-11-13,47.2,47.3,47.0,47.0,1800
2024-11-15,50.2,50.2,50.2,50.2,100
2024-11-18,48.05,53.6,48.05,53.6,200
2024-11-19,50.0,50.0,50.0,50.0,1100
2024-11-20,47.25,53.5,47.25,53.5,200
2024-11-21,53.5,53.5,53.5,53.5,500
2024-11-22,50.2,56.7,50.2,56.7,700
2024-11-25,53.0,53.0,53.0,53.0,300
2024-12-03,49.5,49.5,49.35,49.5,2000
2024-12-05,49.6,51.9,49.6,51.9,300
2024-12-06,49.15,54.9,49.15,54.9,200
2024-12-09,51.1,51.1,51.1,51.1,3300
2024-12-10,48.45,54.5,48.45,54.5,200
2024-12-11,54.5,54.5,50.7,50.7,5100
2024-12-12,50.7,50.8,50.7,50.8,1700
2024-12-13,50.8,50.8,50.8,50.8,100
2024-12-16,50.9,50.9,50.9,50.9,100
2024-12-18,50.7,50.7,50.7,50.7,500
2024-12-19,50.7,50.7,50.7,50.7,1500
2024-12-20,50.7,50.7,50.7,50.7,3500
2024-12-23,50.7,50.8,50.7,50.8,2300
2024-12-24,50.9,50.9,50.8,50.9,16000
2024-12-25,54.3,54.3,54.3,54.3,100
2024-12-26,51.0,51.0,51.0,51.0,100
2024-12-30,51.1,51.1,51.1,51.1,100
2024-12-31,51.1,51.1,51.1,51.1,200
2025-01-06,51.2,51.2,51.0,51.0,1200
2025-01-07,51.0,51.0,51.0,51.0,1300
2025-01-08,52.0,52.0,52.0,52.0,300
2025-01-13,52.0,52.0,52.0,52.0,900
2025-01-20,52.1,52.1,52.1,52.1,100
2025-02-06,53.6,53.6,53.6,53.6,100
2025-02-24,55.1,55.1,55.1,55.1,100
2025-02-25,56.9,56.9,56.9,56.9,100
2025-02-28,60.0,60.0,60.0,60.0,100
2025-03-03,58.1,60.0,58.1,60.0,300
2025-03-04,60.1,64.2,60.1,60.1,300
2025-03-05,59.8,64.0,59.8,64.0,300
2025-03-06,64.0,64.0,64.0,64.0,100
2025-03-07,59.8,68.0,59.8,68.0,200
2025-03-10,63.3,63.3,63.3,63.3,700
2025-03-12,59.4,59.4,59.4,59.4,100
2025-03-14,59.4,59.4,59.4,59.4,100
2025-03-19,56.8,56.8,56.8,56.8,100
2025-03-20,60.7,60.7,60.5,60.5,200
2025-03-21,60.5,60.5,60.5,60.5,100
2025-03-24,57.1,57.2,57.0,57.0,500
2025-04-01,57.0,57.0,57.0,57.0,100
2025-04-02,60.0,60.0,60.0,60.0,100
2025-04-03,56.0,56.0,55.8,55.8,2400
2025-04-04,55.8,55.8,55.8,55.8,200
2025-04-08,55.4,55.4,51.9,52.0,1500
2025-04-09,55.0,55.0,54.2,54.2,1600
2025-04-10,57.8,57.9,57.8,57.9,900
2025-04-14,55.1,55.1,55.1,55.1,100
2025-04-17,56.9,57.5,56.9,57.5,600
2025-04-18,61.0,61.5,60.9,61.5,700
2025-04-21,58.4,58.4,58.4,58.4,100
2025-04-22,62.4,62.4,62.4,62.4,100
2025-04-23,58.3,66.7,58.3,66.7,600
2025-04-24,64.0,64.0,64.0,64.0,200
2025-04-25,59.6,59.6,59.6,59.6,100
2025-04-29,60.0,60.0,60.0,60.0,100
2025-05-09,60.1,60.1,60.1,60.1,100
2025-05-12,60.3,60.3,60.3,60.3,2000
2025-05-13,59.0,59.0,59.0,59.0,200
2025-05-15,60.0,60.0,60.0,60.0,200
2025-05-19,60.0,60.0,60.0,60.0,200
